artista,track,playcount,listeners
La Fuga,Buscando en la basura,199015,29961
La Fuga,Por verte sonreir,89354,15722
La Fuga,Majareta,74677,13676
La Fuga,Abril,56923,11206
La Fuga,Luna de miel,50020,10728
La Fuga,Amor de contenedor,48443,10432
La Fuga,Las olas,46803,9767
La Fuga,Mendigo,40263,9490
La Fuga,Jaleo,53649,8998
La Fuga,En vela,55230,8872
La Fuga,Balada del despertador,44124,8797
La Fuga,El manual,42656,8793
La Fuga,Trampas al sol,57927,8786
La Fuga,Madrid,43053,8672
La Fuga,"P' aqui, p' alla",38649,8414
La Fuga,Hasta nunca,42495,8222
La Fuga,P'aquí p'allá,46666,8067
La Fuga,Gigante,33438,7445
La Fuga,Al amanecer,30841,7400
La Fuga,No solo respirar,42755,7073
La Fuga,A golpes,28755,6779
La Fuga,Despacito,31615,6758
La Fuga,Miguel,29782,6643
La Fuga,Heroina,24036,6306
La Fuga,Sueños de papel,35411,6153
La Fuga,Malos Pensamientos,31853,5622
La Fuga,Pa volar,26368,5563
La Fuga,Por verte sonreír,33142,5532
La Fuga,P'aqui P'alla,22726,5522
La Fuga,Nunca mais,32819,5492
La Fuga,Primavera del 87,20985,5360
La Fuga,Cinco minutos,21912,5247
La Fuga,Baja por diversión,33152,5198
La Fuga,A deshora,19887,5099
La Fuga,Los de siempre,22698,5082
La Fuga,Los lunes de octubre,27298,4900
La Fuga,Los Molinos,27928,4883
La Fuga,Baja Por Diversion,18797,4875
La Fuga,Mundo enfermo,16311,4762
La Fuga,Vientos del sur,17094,4718
La Fuga,Un rayito de sol,16555,4573
La Fuga,Mal humor,15447,4428
La Fuga,Mira,15545,4281
La Fuga,Idiota,14835,4232
La Fuga,Versos para ti,16204,4218
La Fuga,"Conversacion, habitacion",16752,4168
La Fuga,Pierdo verticalidad,14599,4046
La Fuga,"P' aquí, p' allá",19930,3954
La Fuga,Barrio gris,13467,3872
La Fuga,Las musas,19333,3860
Héroes del Silencio,Entre Dos Tierras,459529,78197
Héroes del Silencio,Maldito Duende,301698,52062
Héroes del Silencio,Avalancha,197760,39723
Héroes del Silencio,La Chispa Adecuada,215085,37401
Héroes del Silencio,La Carta,181874,33028
Héroes del Silencio,La Sirena Varada,166033,29229
Héroes del Silencio,Mar Adentro,158548,28307
Héroes del Silencio,Iberia Sumergida,142835,26297
Héroes del Silencio,Con Nombre De Guerra,126360,24757
Héroes del Silencio,Malas Intenciones,119885,24539
Héroes del Silencio,Deshacer El Mundo,137548,23499
Héroes del Silencio,La Herida,136521,23298
Héroes del Silencio,Flor De Loto,111692,22558
Héroes del Silencio,Despertar,104718,22090
Héroes del Silencio,Hechizo,107581,21735
Héroes del Silencio,Opio,109727,20142
Héroes del Silencio,Nuestros Nombres,103180,19901
Héroes del Silencio,Decadencia,90221,19094
Héroes del Silencio,Flor Venenosa,107383,19060
Héroes del Silencio,Oración,103316,18859
Héroes del Silencio,Héroe De Leyenda,104309,18376
Héroes del Silencio,Senda,77186,17998
Héroes del Silencio,Tesoro,74063,14975
Héroes del Silencio,El Estanque,82122,14817
Héroes del Silencio,Agosto,77057,14583
Héroes del Silencio,En Brazos De La Fiebre,68447,14103
Héroes del Silencio,El Camino Del Exceso,66046,13721
Héroes del Silencio,Fuente Esperanza,63960,13067
Héroes del Silencio,El Cuadro II,49259,12850
Héroes del Silencio,Hace Tiempo,65152,12471
Héroes del Silencio,Bendecida,63337,11425
Héroes del Silencio,Parasiempre,52670,11291
Héroes del Silencio,Los Placeres De La Pobreza,50886,11217
Héroes del Silencio,No Más Lágrimas,61383,10995
Héroes del Silencio,Tumbas De Sal,48149,10624
Héroes del Silencio,Derivas,35860,9804
Héroes del Silencio,La Apariencia No Es Sincera,45161,9752
Héroes del Silencio,La Chispa Adecuada (Bendecida 3),51886,9623
Héroes del Silencio,Sangre Hirviendo,43016,9496
Héroes del Silencio,Culpable,39452,9403
Héroes del Silencio,La Alacena,38400,9337
Héroes del Silencio,La Espuma De Venus,42784,9147
Héroes del Silencio,Heroe de Leyenda,49135,8984
Héroes del Silencio,Z,34926,8949
Héroes del Silencio,Virus,35016,8831
Héroes del Silencio,El Mar No Cesa,43190,8614
Héroes del Silencio,Olvidado,35460,8501
Héroes del Silencio,La Lluvia Gris,36151,8468
Héroes del Silencio,"Rueda, Fortuna!",34926,8415
Héroes del Silencio,Bendecida 2,33956,8077
Billie Eilish,BIRDS OF A FEATHER,55492963,2220930
Billie Eilish,bad guy,20339309,1665918
Billie Eilish,WILDFLOWER,36077717,1636938
Billie Eilish,when the party's over,22231168,1613153
Billie Eilish,LUNCH,27833062,1582882
Billie Eilish,Happier Than Ever,29096994,1550087
Billie Eilish,CHIHIRO,31995023,1540375
Billie Eilish,ocean eyes,18429178,1525640
Billie Eilish,lovely (with Khalid),18194264,1502202
Billie Eilish,everything i wanted,21726233,1458788
Billie Eilish,"What Was I Made For? [From the Motion Picture ""Barbie""]",20527148,1353400
Billie Eilish,i love you,19019131,1245293
Billie Eilish,idontwannabeyouanymore,15185225,1219121
Billie Eilish,bellyache,14241677,1191147
Billie Eilish,TV,18702543,1174755
Billie Eilish,you should see me in a crown,12522096,1149666
Billie Eilish,bury a friend,12913483,1110636
Billie Eilish,wish you were gay,12083044,1045465
Billie Eilish,Bored,12157978,1040764
Billie Eilish,THE GREATEST,18330789,1023712
Billie Eilish,Billie Bossa Nova,15324985,1014374
Billie Eilish,L’AMOUR DE MA VIE,16795194,1010901
Billie Eilish,all the good girls go to hell,10456476,1007989
Billie Eilish,SKINNY,14662421,1005154
Billie Eilish,Therefore I Am,11350822,1001202
Billie Eilish,BLUE,15364767,985499
Billie Eilish,listen before i go,13226382,981008
Billie Eilish,my strange addiction,10375258,980863
Billie Eilish,watch,11172569,929504
Billie Eilish,My Future,12414003,928960
Billie Eilish,hotline (edit),9654792,927615
Billie Eilish,THE DINER,13724253,916897
Billie Eilish,ilomilo,11224843,879537
Billie Eilish,Halley's Comet,13846045,878663
Billie Eilish,No Time to Die,9574260,846935
Billie Eilish,xanny,9195332,843320
Billie Eilish,I Didn't Change My Number,10548682,827412
Billie Eilish,NDA,12150208,816379
Billie Eilish,BITTERSUITE,11833024,812198
Billie Eilish,my boy,7964968,811171
Billie Eilish,Getting Older,10336699,809065
Billie Eilish,Your Power,10543841,804612
Billie Eilish,COPYCAT,7134556,784517
Billie Eilish,Lost Cause,9624906,752259
Billie Eilish,bitches broken hearts,9070141,738965
Billie Eilish,Oxytocin,9585287,709824
Billie Eilish,hostage,7601628,697848
Billie Eilish,Male Fantasy,10034242,655402
Billie Eilish,goodbye,6340133,653286
Billie Eilish,8,6225048,639054
Love of Lesbian,Club de fans de John Boy,546611,57427
Love of Lesbian,Alli donde soliamos gritar,268903,32713
Love of Lesbian,La Niña Imantada,278957,31902
Love of Lesbian,Lucha de Gigantes,225846,31816
Love of Lesbian,Incendios de nieve,277936,27988
Love of Lesbian,Allí donde solíamos gritar,306824,26849
Love of Lesbian,1999,295282,26455
Love of Lesbian,Maniobras de escapismo,157757,26413
Love of Lesbian,Universos Infinitos,232387,25649
Love of Lesbian,Las malas lenguas,220841,24265
Love of Lesbian,Algunas Plantas,210632,23713
Love of Lesbian,Noches Reversibles,230570,23173
Love of Lesbian,Me Amo,194079,22972
Love of Lesbian,Segundo asalto,221847,22095
Love of Lesbian,Me llaman Octubre,106698,21222
Love of Lesbian,Los niños del mañana,92031,20829
Love of Lesbian,Un Día En El Parque,177221,20150
Love of Lesbian,Cuestiones de familia,162891,19297
Love of Lesbian,Miau,141324,17311
Love of Lesbian,Los Colores De Una Sombra,152935,16997
Love of Lesbian,Fantastic Shine,89530,16976
Love of Lesbian,Belice,167628,16756
Love of Lesbian,Cuando diga ya,123621,16402
Love of Lesbian,Mi personalidad,84090,16134
Love of Lesbian,La mirada de la gente que conspira,122932,15817
Love of Lesbian,Limousinas,72079,15517
Love of Lesbian,Bajo El Volcán,145889,15502
Love of Lesbian,Mon petit cabroin,63990,15131
Love of Lesbian,El ectoplasta,98084,14593
Love of Lesbian,Cuando no me ves,137941,14262
Love of Lesbian,2009. Voy A Romper Las Ventanas,107214,14021
Love of Lesbian,"Houston, tenemos un problema",75184,13823
Love of Lesbian,La Noche Eterna,106630,13763
Love of Lesbian,Mi primera combustión,91625,13492
Love of Lesbian,Música de ascensores,81816,13328
Love of Lesbian,Dios Por Dios Es Cuatro,85145,13307
Love of Lesbian,Shiwa,86471,13068
Love of Lesbian,La Parábola Del Tonto,99223,13057
Love of Lesbian,Villancico Para Mi Cuñado Fernando,94883,13057
Love of Lesbian,"Marlene, la vecina del ártico",73520,12696
Love of Lesbian,"Si tu me dices Ben, yo digo Affleck",85007,12598
Love of Lesbian,Pizzigatos,102356,12277
Love of Lesbian,Historia De Una Hache Que No Quería Ser Muda,87466,12163
Love of Lesbian,Te hiero mucho (historia del amante guisante),99163,12048
Love of Lesbian,Carta a Todas Tus Catástrofes,60633,11615
Love of Lesbian,Los toros en la Wii - Fantástico,92511,11475
Love of Lesbian,Nadie por las calles,90455,11031
Love of Lesbian,Nada,76155,10875
Love of Lesbian,All These Days,23620,10713
Love of Lesbian,Move On,21637,10650
Estopa,Vino Tinto,444846,77686
Estopa,Tu Calorro,420794,73450
Estopa,Como Camarón,538260,57091
Estopa,Me Falta El Aliento,228128,49890
Estopa,Cacho A Cacho,272967,46867
Estopa,Por La Raja De Tu Falda,302394,41729
Estopa,La Raja De Tu Falda,148959,40124
Estopa,Partiendo La Pana,162982,36471
Estopa,Ya No Me Acuerdo,204814,35979
Estopa,Luna Lunera,134553,34777
Estopa,Poquito A Poco,121906,30827
Estopa,Destrangis In The Night,118089,30340
Estopa,El Blade,82311,29832
Estopa,Paseo,187685,29191
Estopa,Tragicomedia,164444,28431
Estopa,Demonios,110153,28256
Estopa,El Del Medio De Los Chichos,128209,27867
Estopa,Como Camaron,106231,27685
Estopa,Vacaciones,155579,26892
Estopa,Mi Primera Cana,91076,26376
Estopa,Exiliado En El Lavabo,101743,26107
Estopa,Cuando Cae La Luna,100415,25901
Estopa,Pastillas De Freno,138332,22743
Estopa,Suma Y Sigue,81366,22657
Estopa,Bossanova,122175,22142
Estopa,Malabares,106849,21315
Estopa,Fuente De Energia,95512,21313
Estopa,Cuando Amanece,104109,19779
Estopa,Vuelvo A Las Andadas,70545,19387
Estopa,Tan Solo,72993,18835
Estopa,Te Vi Te Vi,58734,18677
Estopa,Estopa,73107,18447
Estopa,Fin De Semana,71570,17887
Estopa,Penas Con Rumba,78122,17110
Estopa,Hemicraneal,94557,16406
Estopa,Jardin Del Olvido,47339,14966
Estopa,El Run Run (With Rosario),81131,14769
Estopa,Nasio Pa La Alegria,44460,14734
Estopa,No Quiero Verla Mas,45493,14680
Estopa,Estrella Fugaz,51402,13835
Estopa,La Primavera,67689,13721
Estopa,Cuerpo Triste,61706,13223
Estopa,Pastillas Para Dormir,73098,13169
Estopa,Lunes,57202,13167
Estopa,Ojitos Rojos (Directo),42831,13107
Estopa,Me quedaré,89186,12933
Estopa,El Run Run,49144,11616
Estopa,Tanta Tinta Tonta,53895,11474
Estopa,Camiseta de Rokanrol,72777,11451
Estopa,Monstruos,47676,11305
Mägo de Oz,Fiesta Pagana,875211,118921
Mägo de Oz,Molinos De Viento,711500,97315
Mägo de Oz,La Costa Del Silencio,475110,67610
Mägo de Oz,La Danza Del Fuego,328425,48542
Mägo de Oz,Haste Que El Cuerpo Aguante,361068,43702
Mägo de Oz,La Posada de los Muertos,243398,38104
Mägo de Oz,La Rosa De Los Vientos,208385,33943
Mägo de Oz,Hoy toca ser feliz,220636,32848
Mägo de Oz,Satania,154745,25463
Mägo de Oz,Gaia,141848,25249
Mägo de Oz,Hasta Que El Cuerpo Aguante,157323,24902
Mägo de Oz,El Que Quiera Entender Que Entienda,153491,24360
Mägo de Oz,El Santo Grial,140522,23137
Mägo de Oz,Astaroth,132197,21334
Mägo de Oz,Desde mi Cielo,135727,20909
Mägo de Oz,La Cruz de Santiago,123537,20882
Mägo de Oz,El Libro de las Sombras,161376,20227
Mägo de Oz,El Lago,124183,19604
Mägo de Oz,Pensando En Ti,105732,18935
Mägo de Oz,Maite Zaitut,87900,18679
Mägo de Oz,El Cantar de la Luna Oscura,99195,18073
Mägo de Oz,Finisterra,95515,17534
Mägo de Oz,Si Te Vas,86388,17412
Mägo de Oz,La Leyenda De La Llorona,67316,17014
Mägo de Oz,Tres Tristes Tigres,71753,15387
Mägo de Oz,La Leyenda De La Mancha,68281,15279
Mägo de Oz,Alma,80733,14865
Mägo de Oz,Polla Dura No Cree en Dios,67827,14812
Mägo de Oz,La Conquista,67723,14563
Mägo de Oz,La Venganza De Gaia,72324,14269
Mägo de Oz,Los Renglones Torcidos de Dios,83478,14087
Mägo de Oz,El Pacto,71295,13925
Mägo de Oz,Hasta Que Tu Muerte Nos Separe,73342,13385
Mägo de Oz,Van A Rodar Cabezas,71893,13194
Mägo de Oz,La Voz Dormida,90945,13115
Mägo de Oz,Diabulus in Musica,88198,13060
Mägo de Oz,Maritornes,68033,12885
Mägo de Oz,Hazme un sitio entre tu piel,78975,12726
Mägo de Oz,Ancha Es Castilla,55061,12676
Mägo de Oz,La Cantata del Diablo (Missit me Dominus),95620,12395
Mägo de Oz,El atrapasueños,54886,12289
Mägo de Oz,Obertura MDXX,43828,12067
Mägo de Oz,A Costa da Morte,45898,12036
Mägo de Oz,Noche Toledana,52546,11929
Mägo de Oz,El Atrapasuenos,70403,11778
Mägo de Oz,El Paseo de los Tristes,67863,11750
Mägo de Oz,El poema de la lluvia triste,68774,11558
Mägo de Oz,Aquelarre,72345,11462
Mägo de Oz,Es Hora de Marchar,46668,11260
Mägo de Oz,Melodian,72759,10723
Mr. Kilombo,Sinmigo,91278,11404
Mr. Kilombo,Cabecita Loca,21626,4035
Mr. Kilombo,Tiempo Al Tiempo,18587,3466
Mr. Kilombo,En Plena Calle,13603,3059
Mr. Kilombo,Qué Bien Se Te Ve,4686,1239
Mr. Kilombo,Invencibles,4034,1089
Mr. Kilombo,Cortocircuitos,4963,1019
Mr. Kilombo,Al Norte,4069,976
Mr. Kilombo,Todo Cambia,3649,885
Mr. Kilombo,"Se Viene, Se Va",3351,875
Mr. Kilombo,Contra Todo Pronostico,3646,791
Mr. Kilombo,Por Su Camino,2844,754
Mr. Kilombo,Reconciliarme Con el Amor,2973,746
Mr. Kilombo,Por Reyes,2704,669
Mr. Kilombo,Ambivalencia,1946,648
Mr. Kilombo,Quédate A Mi Lado,1680,562
Mr. Kilombo,Rey y Mendigo,1934,487
Mr. Kilombo,Na de mi,1711,485
Mr. Kilombo,Manglares,1572,444
Mr. Kilombo,En Peligro de Extinción,1150,440
Mr. Kilombo,Una Canción Nada Más,1565,399
Mr. Kilombo,Como si no pasara nada,1397,381
Mr. Kilombo,Pandora,1052,375
Mr. Kilombo,Palabrería,1111,341
Mr. Kilombo,Preguntas,860,306
Mr. Kilombo,Trampas,943,299
Mr. Kilombo,Mírame,1096,290
Mr. Kilombo,Trastos,692,279
Mr. Kilombo,Que No Se Acabe La Noche,696,277
Mr. Kilombo,Tarde Otra Vez,752,260
Mr. Kilombo,Andaré,1191,246
Mr. Kilombo,Bendita Humanidad,877,237
Mr. Kilombo,Baile de Disfraces,866,233
Mr. Kilombo,A veces ocurre,682,229
Mr. Kilombo,Nosequé,699,228
Mr. Kilombo,Nada Que Decir,533,224
Mr. Kilombo,Unas Horas,804,220
Mr. Kilombo,Del aire,690,214
Mr. Kilombo,Sin Mirarme los Pies,981,201
Mr. Kilombo,El Resto Puede Esperar,707,199
Mr. Kilombo,Todo Este Caos,629,197
Mr. Kilombo,Enemigos,503,178
Mr. Kilombo,Tal Como Vino,522,169
Mr. Kilombo,De Vuelta,404,168
Mr. Kilombo,Será Mejor,476,160
Mr. Kilombo,Arde Troya,444,157
Mr. Kilombo,La Cuenta Nueva,349,153
Mr. Kilombo,Bucle,531,146
Mr. Kilombo,Casa de herrero,442,141
Mr. Kilombo,Pasa Sin Llamar,328,141
Rozalén,Comiendote A Besos,84978,13680
Rozalén,La Puerta Violeta,72498,12514
Rozalén,Vivir (with Estopa),58070,10906
Rozalén,Girasoles,49531,7667
Rozalén,80 veces,38062,6758
Rozalén,Antes De Verte (with Kevin Johansen),15543,3955
Rozalén,"Que No, Que No",18587,3827
Rozalén,Saltan chispas,18094,3762
Rozalén,Antes De Verte,12113,3701
Rozalén,Berlin,16393,3526
Rozalén,Vuelves,19924,3349
Rozalén,Las Hadas existen,17952,3153
Rozalén,Será Mejor,15891,2851
Rozalén,Este Tren,15524,2837
Rozalén,Te Quiero Porque Te Quiero (Fandangos),10454,2482
Rozalén,Para los dos,12151,2410
Rozalén,Amor del Bo,7566,2370
Rozalén,Y Busqué,12516,2360
Rozalén,Aves Enjauladas,10439,2313
Rozalén,Vivir,10409,2146
Rozalén,La Niña de Fuego - Interludio,16851,2118
Rozalén,Susurros de papel,9831,2114
Rozalén,Justo,11642,2029
Rozalén,Ahora,9317,1872
Rozalén,Dragón Rojo,10098,1829
Rozalén,La Belleza,6305,1670
Rozalén,Al Cantar (feat. Amaia Romero),6347,1663
Rozalén,Bajar del mundo,7347,1559
Rozalén,Alivio,7406,1536
Rozalén,Tiempo de Paz,2424,1515
Rozalén,Cal y arena,5845,1433
Rozalén,Agarrarte a la Vida,5790,1410
Rozalén,El Hijo De La Abuela,6973,1372
Rozalén,Amor Prohibido,7073,1370
Rozalén,A Virxe Do Portovello,5048,1338
Rozalén,A Quién Le Importa,6325,1324
Rozalén,Tres Días en Cartagena,5526,1315
Rozalén,Llévame,5611,1275
Rozalén,Lo Tengo Claro,6385,1225
Rozalén,La Que Baila Para Ti,4996,1180
Rozalén,Me Arrepiento (feat. Las Migas & El Kanka) - En Directo,4112,1155
Rozalén,LEVANTATE,4327,1142
Rozalén,Inevitable,5648,1129
Rozalén,Tu Nombre,5551,1121
Rozalén,Mis Infiernos,4043,1054
Rozalén,Todo lo Que Amaste (feat. Fernando Velázquez),3807,1031
Rozalén,Al Cantar (feat. Amaia Romero Arbizu),4026,1027
Rozalén,Volver A Los Diecisiete,4064,1021
Rozalén,Asuntos Pendientes - En Directo,2620,988
Rozalén,Somos,4188,945
Taburete,Sirenas,181034,24253
Taburete,Amos del Piano Bar,41770,6573
Taburete,Madame Ayahuasca,35197,4828
Taburete,Belerofón,24153,4152
Taburete,Walter Palmeras,22637,3849
Taburete,Roto y Elegante,24452,3830
Taburete,Caminito A Motel,21643,3666
Taburete,Vino Y Cemento,17375,3101
Taburete,Belerofon,15010,2594
Taburete,Ella,13057,2418
Taburete,El Rey del Contrabando,12920,2326
Taburete,Mariposas,13951,2200
Taburete,Entre Tus Piernas,11660,2179
Taburete,El Fin,12121,2084
Taburete,Kaiserlautern,10912,1916
Taburete,Abierto en vena,11157,1745
Taburete,Dos Tequilas,7674,1684
Taburete,Calçots & Mangos (feat. Jósean Log),7831,1680
Taburete,Por Lo Que Pueda Pasar,7158,1481
Taburete,Penúltimo beso (feat. Miguel Campello),7123,1472
Taburete,Tan desconectados,6950,1430
Taburete,Salto al Vacío (feat. Café Quijano),6405,1396
Taburete,Mexico D.F.,6670,1373
Taburete,Hijos del Soul,6924,1355
Taburete,110,5654,1334
Taburete,Cuando Los Hombres Lloran,5550,1326
Taburete,Cuando Se Apaga la Luz,6484,1214
Taburete,Primer Intento,5432,1181
Taburete,Dr. Charas,5354,1149
Taburete,Las últimas flores,5652,1140
Taburete,Blue Rihanna,4710,1102
Taburete,El Viaje,5353,1070
Taburete,El Pato,4847,1065
Taburete,Torrente Presidente,5247,978
Taburete,Brindo,7186,976
Taburete,Luna (Voy a por Ti),3971,976
Taburete,Me quedo conmigo,4441,935
Taburete,2018: Odisea en el Espacio,5589,900
Taburete,La Discoteca,5063,893
Taburete,Mamá,3825,878
Taburete,Johnny Pistolas,3337,785
Taburete,Al Alba,3052,774
Taburete,El Último Baile de Dunas Mitchell,4646,765
Taburete,Las Palabras,3472,751
Taburete,Desde Rusia Con Amor,2945,741
Taburete,Me Voy,3495,702
Taburete,De menos,2214,662
Taburete,Carnaval,3439,659
Taburete,Oaxaca,3348,657
Taburete,Grillos,3418,656
Extremoduro,So payaso,502859,61624
Extremoduro,La Vereda de la Puerta de Atrás,554523,51405
Extremoduro,Salir,331402,45160
Extremoduro,Puta,356492,43015
Extremoduro,Si te vas...,390800,41825
Extremoduro,Golfa,284244,37383
Extremoduro,Stand by,326054,35605
Extremoduro,A Fuego,250462,33516
Extremoduro,sucede,207182,32547
Extremoduro,Buscando una Luna,185687,29081
Extremoduro,Cuarto Movimiento: La Realidad,256348,28214
Extremoduro,Segundo Movimiento: Lo de Fuera,274615,27092
Extremoduro,Primer movimiento: el sueño,239147,27036
Extremoduro,Dulce introducción al caos,254014,26469
Extremoduro,La vereda de la puerta de atras,155320,24930
Extremoduro,Jesucristo García,207669,24394
Extremoduro,Tercer Movimiento: Lo de Dentro,218934,24160
Extremoduro,Dulce introduccion al caos,189821,23568
Extremoduro,Hoy te la meto hasta las orejas,160375,23246
Extremoduro,Prometeo,119962,22215
Extremoduro,Standby,169357,19006
Extremoduro,Menamoro,98133,18692
Extremoduro,Cerca del Suelo,112751,18620
Extremoduro,Locura transitoria,136681,17782
Extremoduro,Coda Flamenca (Otra Realidad),136619,16897
Extremoduro,Buitre No Come Alpiste,97642,16821
Extremoduro,Me Estoy Quitando,67545,16675
Extremoduro,Luce la Oscuridad,79561,16590
Extremoduro,Extremaydura,89897,16379
Extremoduro,Tango suicida,130372,16306
Extremoduro,Quemando Tus Recuerdos,90019,16143
Extremoduro,"Ama, Ama, Ama y Ensancha el Alma",81037,15787
Extremoduro,Su Culo Es Miel,71607,14938
Extremoduro,Jesucristo Garcia,73454,14926
Extremoduro,Desarraigo,103740,14719
Extremoduro,Deltoya,84988,14712
Extremoduro,De Acero,75190,14602
Extremoduro,El Duende del Parque,67817,14259
Extremoduro,Cabezabajo,65673,14241
Extremoduro,Entre interiores,98180,13169
Extremoduro,Autorretrato,67956,13034
Extremoduro,Sol de invierno,64092,12948
Extremoduro,Todos Me Dicen,52827,12878
Extremoduro,No Me Calientes Que Me Hundo,57736,12801
Extremoduro,La Carrera,51054,12260
Extremoduro,"Ama, ama, ama y ensancha el alma - Versión 2004",90724,12095
Extremoduro,Esclarecido,44061,11472
Extremoduro,Necesito Droga y Amor,61484,11126
Extremoduro,La Hoguera,49375,10967
Extremoduro,Papel Secante,50244,10821
La Plazuela,Péiname Juana,60073,8193
La Plazuela,La Primerica Helá,39962,4560
La Plazuela,Realejo Beach,32001,4071
La Plazuela,Tangos De Copera,26438,4050
La Plazuela,El Lao De La Pena,35552,3785
La Plazuela,La Vuelta,15027,2046
La Plazuela,Mi Tarara,14272,2021
La Plazuela,Tu Palabra,13278,1812
La Plazuela,Soulseek,11592,1781
La Plazuela,Si Miro Patrás,9266,1599
La Plazuela,Alegrías De La Ragua,10090,1538
La Plazuela,La Ida - Intro,7262,1519
La Plazuela,Placeta de la Charca,7546,1500
La Plazuela,Tiempos Raros,7482,1484
La Plazuela,Mira La Niña,7933,1386
La Plazuela,Perico El De La Tomasa - por bulerías,5437,1316
La Plazuela,Campanas Del Olvido,6246,1315
La Plazuela,Mala De Verdad,5602,1295
La Plazuela,B12,6271,1291
La Plazuela,Bulerías De La Guardia,6860,1288
La Plazuela,Camino de Cristales,7599,1282
La Plazuela,La Antigua Judería,9068,1232
La Plazuela,Principios del XX,5135,1138
La Plazuela,Perico El De La Tomasa,4447,868
La Plazuela,Tengo Que Pensar,4996,857
La Plazuela,⁠Rumba De Los Bajos,3732,821
La Plazuela,Sólo Eres Pa Mí,4042,761
La Plazuela,Nº0,2072,693
La Plazuela,Este Juego,3626,658
La Plazuela,La Vuelta_Robzzz_Remix,2338,640
La Plazuela,El Lao De La Pena_Mainline Magic Orchestra_Remix,2384,636
La Plazuela,Eterna Primavera,2945,627
La Plazuela,18010,3548,615
La Plazuela,Péiname Juana_Jafunk_Remix,1814,606
La Plazuela,De Color - Remix,2817,562
La Plazuela,Parao Frente a la Muerte,2321,537
La Plazuela,Realejo Beach_Dan Solo_Remix,1520,536
La Plazuela,Calabajío,2165,518
La Plazuela,La Cara De Dios,2874,492
La Plazuela,De Mí Pa Ti,2597,482
La Plazuela,La Primerica Helá_Texture_Remix,1148,472
La Plazuela,D.L.Y,1996,471
La Plazuela,Si lo callo muero,1653,462
La Plazuela,De 2 En 2,2269,433
La Plazuela,Marinero en Tierra,1469,377
La Plazuela,Péiname Juana_La Vida De Jaime & Droxo_Remix,941,375
La Plazuela,En la Espera Taskino,1355,372
La Plazuela,Mira La Niña_Chico Blanco_Remix,751,356
La Plazuela,El Lao De La Pena_Cccorrosion_Remix,967,338
La Plazuela,Ron de Motril,1042,325
Veintiuno,La vida moderna (feat. Love of Lesbian),113338,10693
Veintiuno,Dopamina,76200,8315
Veintiuno,La Toscana,27202,2963
Veintiuno,Nudes,13941,2023
Veintiuno,"La Ruina (feat. Niña Polaca, La Maravillosa Orquesta del Alcohol)",10228,1876
Veintiuno,La Ruina,16652,1833
Veintiuno,Nudes (feat. Chica Sobresalto),10179,1760
Veintiuno,Cabezabajo,12590,1728
Veintiuno,La Llorería,8989,1681
Veintiuno,Escalofríos,14468,1650
Veintiuno,Ya no nos hablamos,9395,1565
Veintiuno,Perder los modales,11818,1564
Veintiuno,Tu nombre (feat. Zahara),7397,1557
Veintiuno,Irremediable (feat. Siloé),9662,1528
Veintiuno,Estarás,12063,1431
Veintiuno,Caramelo,9819,1396
Veintiuno,Acantilado,8698,1389
Veintiuno,Pide un deseo por mí,6377,1276
Veintiuno,Pirotecnia,8935,1232
Veintiuno,La Llorería (feat. La La Love You),5770,1141
Veintiuno,Haters,8269,1112
Veintiuno,Mañana lo dejo,9617,1072
Veintiuno,Armadura,6707,1018
Veintiuno,Irremediable,2983,985
Veintiuno,Anhelo,8367,973
Veintiuno,Desvelo,7570,958
Veintiuno,⁠Mitología,5754,949
Veintiuno,Telenovela,5551,923
Veintiuno,A la orilla,6049,915
Veintiuno,Puñalada,3875,855
Veintiuno,Mi monstruo y yo,6062,836
Veintiuno,Parasiempre (feat. Ainoa Buitrago),3887,821
Veintiuno,Chihiro,5740,784
Veintiuno,La la land,2870,772
Veintiuno,Leona,6078,756
Veintiuno,Vidas pasadas,4576,743
Veintiuno,La vida moderna,2728,742
Veintiuno,El desfile,4477,720
Veintiuno,"Marta, Sebas, Guille y los demás (feat. Arnau Griso)",3083,700
Veintiuno,Salvavidas (feat. Pole.),4415,698
Veintiuno,Salvavidas,4448,623
Veintiuno,Desvelo (feat. Yoly Saa),2582,597
Veintiuno,Complicidad,3399,594
Veintiuno,Cabezabajo (feat. Zetazen),3708,592
Veintiuno,Delirio y equilibrio,3722,564
Veintiuno,Dominó,2409,562
Veintiuno,Medalla de plata,3600,517
Veintiuno,Parasiempre,2472,507
Veintiuno,Nuestra parte de noche,2830,497
Veintiuno,Tu nombre,3075,490
Ojete Calor,Mocatriz,85936,11532
Ojete Calor,Viejoven,51304,8968
Ojete Calor,Tonta Gilipó,34403,5995
Ojete Calor,Sinceridad No Pedida,18171,4158
Ojete Calor,Cuidado Con El Cyborg (Corre Sarah Connor),18327,3703
Ojete Calor,Agapimú (feat. Ana Belén),28752,3464
Ojete Calor,Qué Bien Tan Mal,16153,3392
Ojete Calor,Opino De Que,14441,3026
Ojete Calor,0´60,12079,2769
Ojete Calor,Vintage,11354,2657
Ojete Calor,Morreo (feat. The Calorettes),11218,2397
Ojete Calor,Vete A Tu Casa (Freed From Desire),9248,2277
Ojete Calor,Extremismo Mal,8200,1883
Ojete Calor,ojete calor,6615,1874
Ojete Calor,Gente Que Imita Mal Los Acentos,9096,1839
Ojete Calor,Me Queda Bien Lo Que Me Pongo,6228,1758
Ojete Calor,La Gente Mala,5393,1597
Ojete Calor,Se Tiene Que Ir Ya,4292,1427
Ojete Calor,Madrid-Bilbao-Bollo,4629,1407
Ojete Calor,Fin De Curso,5075,1396
Ojete Calor,Subnopop,3465,1277
Ojete Calor,Rigodón,3667,1232
Ojete Calor,chasca,3685,1131
Ojete Calor,La Gente Extranjera (People Are Strange),3455,1065
Ojete Calor,Ismos,3049,1062
Ojete Calor,Musicote Including Paraíso,2550,978
Ojete Calor,viva el progreso,3005,959
Ojete Calor,Amiga En Las Estrellas,3084,947
Ojete Calor,Tradiciones Americanas,2897,922
Ojete Calor,Ultrapreñada,2201,842
Ojete Calor,Politica,2242,838
Ojete Calor,La Niña De Suramérica,2440,836
Ojete Calor,Ciencia Ficcion,2121,827
Ojete Calor,La Más Guapa (feat. Las Cheerlerdas),2669,825
Ojete Calor,Collar Fular,2741,755
Ojete Calor,0'60,1206,292
Ojete Calor,Ojete Calor - Nexus6 Remix,466,263
Ojete Calor,Agapimú,716,185
Ojete Calor,política,591,151
Ojete Calor,Opino De Que - Power-Monguer / The Groove Mix,233,126
Ojete Calor,Vintage - Peor Que La Original / Don Fluor Y José Morata Remix,221,121
Ojete Calor,"Cuidado con El Cyborg (Corre, Sarah Connor)",685,111
Ojete Calor,Ciencia-ficción,349,80
Ojete Calor,0.60,257,76
Ojete Calor,Agapimú ft. Ana Belén,174,74
Ojete Calor,corre Sarah Connor,169,48
Ojete Calor,Ciencia ficción,155,46
Ojete Calor,Tonta Gilipo,222,37
Ojete Calor,Lucía Te Lo Explica,72,32
Ojete Calor,Me queda todo bien,127,30
Rata Blanca,Mujer Amante,841440,119286
Rata Blanca,La Leyenda Del Hada y El Mago,477343,76207
Rata Blanca,Aún Estás En Mis Sueños,245127,37285
Rata Blanca,Talismán,130030,19610
Rata Blanca,Volviendo a casa,88963,18822
Rata Blanca,Ella,98925,16923
Rata Blanca,Preludio Obsesivo,60619,15928
Rata Blanca,El Reino Olvidado,93335,15774
Rata Blanca,El Sueño De La Gitana,65557,14686
Rata Blanca,El Beso De La Bruja,58896,14177
Rata Blanca,Mujer Amante - vivo,56462,12823
Rata Blanca,Haz Tu Jugada,35486,10821
Rata Blanca,La Leyenda del Hada y el Mago - Vivo,58969,10508
Rata Blanca,Guerrero del arco Iris,44970,9494
Rata Blanca,Otoño Medieval,35844,9029
Rata Blanca,La Llave De La Puerta Secreta,45271,8066
Rata Blanca,Chico Callejero,31577,7519
Rata Blanca,El Camino Del Sol,26489,7428
Rata Blanca,Solo para amarte,37053,6885
Rata Blanca,El Círculo De Fuego,39321,6790
Rata Blanca,La Canción del Guerrero,22692,6755
Rata Blanca,Dias Duros,22900,6692
Rata Blanca,La Otra Cara De La Moneda,27716,5604
Rata Blanca,Días duros,13983,5407
Rata Blanca,Caballo Salvaje,14907,5387
Rata Blanca,Por Que Es Tan Dificil Amar,19980,5348
Rata Blanca,Sólo Para Amarte,23751,5205
Rata Blanca,En nombre de Dios?,14471,5004
Rata Blanca,Bajo El Poder Del Sol,22319,4946
Rata Blanca,Noche sin sueños,23015,4779
Rata Blanca,Mujer Amante (versión acústica),21219,4758
Rata Blanca,Noches sin sueño,17937,4675
Rata Blanca,Sinfonía Fantástica,13706,4398
Rata Blanca,Blues,20065,4363
Rata Blanca,Cuando la luz oscurece,21758,4353
Rata Blanca,Abeja Reina,19430,4018
Rata Blanca,Diario De Una Sombra,17311,4014
Rata Blanca,EL SUEÑODE LA GITANA,22884,4011
Rata Blanca,La Misma Mujer,14988,3993
Rata Blanca,El amo del camino,17809,3869
Rata Blanca,Aun estas en mis sueños,27083,3819
Rata Blanca,Intro,14371,3659
Rata Blanca,Rompe El Hechizo,13637,3579
Rata Blanca,Mamma,14192,3439
Rata Blanca,Gente Del Sur,11281,3409
Rata Blanca,Hombre de Hielo,12599,3291
Rata Blanca,Indigo,12783,3226
Rata Blanca,Si Eres Hijo Del Rock,12505,3187
Rata Blanca,Guitarra Española,13025,3183
Rata Blanca,Sin Tu Amor Nada Existe,11843,3048
Vetusta Morla,Copenhague,620131,62902
Vetusta Morla,Valiente,585507,57221
Vetusta Morla,Sálvese Quien Pueda,313627,38911
Vetusta Morla,Maldita Dulzura,328330,38802
Vetusta Morla,La marea,318202,33812
Vetusta Morla,Al respirar,345371,33572
Vetusta Morla,Un día en el mundo,275922,32902
Vetusta Morla,Los Días Raros,280272,31640
Vetusta Morla,Pequeño desastre animal,236811,27502
Vetusta Morla,Año Nuevo,249091,27471
Vetusta Morla,Rey Sol,237503,27357
Vetusta Morla,Saharabbey Road,186850,25661
Vetusta Morla,La Deriva,198156,24767
Vetusta Morla,La cuadratura del círculo,189552,24521
Vetusta Morla,Autocrítica,170099,23643
Vetusta Morla,Cuarteles de Invierno,205099,22639
Vetusta Morla,Lo que te Hace Grande,170762,22090
Vetusta Morla,Boca en la Tierra,152937,18242
Vetusta Morla,Los Buenos,113585,17955
Vetusta Morla,23 de Junio,171171,17894
Vetusta Morla,El Hombre del Saco,135303,17534
Vetusta Morla,Fuego,150494,17532
Vetusta Morla,Golpe Maestro,150421,17394
Vetusta Morla,Copenhage,200720,17067
Vetusta Morla,Baldosas amarillas,118684,15721
Vetusta Morla,Los Ríos De Alice,47806,15620
Vetusta Morla,Mapas,109510,15369
Vetusta Morla,Cenas Ajenas,91340,13590
Vetusta Morla,Canción de Vuelta,87063,13341
Vetusta Morla,Marea Baja,34353,12682
Vetusta Morla,¡alto!,74018,12595
Vetusta Morla,Escudo Humano,84751,12479
Vetusta Morla,En el río,90213,12080
Vetusta Morla,Consejo de Sabios,109163,11880
Vetusta Morla,La Mosca en Tu Pared,87602,11609
Vetusta Morla,Un dia en el mundo,118872,11570
Vetusta Morla,Salvese Quien Pueda,121509,11528
Vetusta Morla,Sharabbey Road,107281,11509
Vetusta Morla,Una Sonata Fantasma,60198,11432
Vetusta Morla,Mi Suerte,70542,11359
Vetusta Morla,Finisterre,106115,11041
Vetusta Morla,Fiesta Mayor,78580,10620
Vetusta Morla,Autocritica,91472,10163
Vetusta Morla,Veneno,51315,9900
Vetusta Morla,Te lo Digo a Ti,69580,9679
Vetusta Morla,Deséame Suerte,67629,9593
Vetusta Morla,Pirómanos,66678,9104
Vetusta Morla,La Grieta,60421,8931
Vetusta Morla,Tour de Francia,60853,8682
Vetusta Morla,Puntos Suspensivos,53163,8095
Leiva,Terriblemente Cruel,206466,30763
Leiva,Como Si Fueras a Morir Mañana,169136,20773
Leiva,No Te Preocupes por Mi,99992,12996
Leiva,Sincericidio,83554,12904
Leiva,La Llamada,78623,12382
Leiva,Diazepam,49792,10628
Leiva,Flecha,66052,10394
Leiva,Premio de Consolación,56901,8054
Leiva,Caída Libre (feat. Robe),60719,7469
Leiva,Superpoderes,46828,7397
Leiva,Eme,35530,6942
Leiva,Breaking Bad,46855,6880
Leiva,Peligrosamente Dark (feat. Silvana Estrada),32481,6561
Leiva,La Lluvia en los Zapatos,41858,6276
Leiva,Histéricos,39523,6275
Leiva,Godzilla (feat. Enrique Bunbury & Ximena Sariñana),38465,6054
Leiva,Afuera en la Ciudad,31918,5918
Leiva,Los Cantantes,28077,5573
Leiva,Nuclear,33263,5326
Leiva,Anticiclón,26606,5299
Leiva,Bajo Presión,45318,5262
Leiva,Stranger Things,29174,5193
Leiva,Lobos,33852,5099
Leiva,El Polvo de los Días Raros,48446,4802
Leiva,Polvora,23985,4781
Leiva,Mirada Perdida,23834,4781
Leiva,Ciencia Ficcion,24064,4501
Leiva,Gigante,32714,4353
Leiva,Nunca Debiste Cruzar el Mississippi,28637,4249
Leiva,Electricidad,26800,4211
Leiva,Monstruos,25245,4204
Leiva,Vis a Vis,25369,4176
Leiva,Jaula de Oro,22395,4105
Leiva,Palomas,20270,4101
Leiva,Cuarenta Mil,23936,3787
Leiva,Sashimi,31533,3754
Leiva,Iceberg,23214,3717
Leiva,Infinitos,21167,3686
Leiva,Vertigo,16809,3602
Leiva,Cerca,16762,3596
Leiva,Ángulo Muerto,26827,3593
Leiva,Partido a Partido,17690,3538
Leiva,Solaris,16761,3486
Leiva,Francesita,19064,3480
Leiva,Del Hueso una Flor,16689,3478
Leiva,Hermosa Taquicardia,16405,3357
Leiva,Mi Pequeño Chernóbil,18118,3235
Leiva,Guerra Mundial,17605,3061
Leiva,Cuando te muerdes el labio,17262,3008
Leiva,Mi Mejor Version,12599,2850
Bad Bunny,DtMF,17020146,1303192
Bad Bunny,NUEVAYoL,13130933,1033158
Bad Bunny,Tití Me Preguntó,12879259,1005683
Bad Bunny,BAILE INoLVIDABLE,13549627,946293
Bad Bunny,EoO,10363170,805072
Bad Bunny,VOY A LLeVARTE PA PR,9750101,765843
Bad Bunny,Me Porto Bonito,9867182,721478
Bad Bunny,Moscow Mule,9244155,620669
Bad Bunny,DÁKITI,8101037,608532
Bad Bunny,VeLDÁ,6967027,572053
Bad Bunny,MONACO,5597587,531589
Bad Bunny,Ojitos Lindos,7809031,525596
Bad Bunny,Otro Atardecer,6868968,525420
Bad Bunny,WELTiTA,4941994,523675
Bad Bunny,Callaita,5855196,503293
Bad Bunny,KLOuFRENS,5332537,496327
Bad Bunny,PERFuMITO NUEVO,4528475,494946
Bad Bunny,EL CLúB,4756283,489423
Bad Bunny,Efecto,6795047,485060
Bad Bunny,Neverita,6264195,461621
Bad Bunny,Yo Perreo Sola,3966589,445605
Bad Bunny,LA MuDANZA,3544130,444322
Bad Bunny,Yonaguni,5706218,438264
Bad Bunny,CAFé CON RON,3453756,437923
Bad Bunny,PERRO NEGRO,5299634,424919
Bad Bunny,KETU TeCRÉ,3723778,421154
Bad Bunny,WHERE SHE GOES,5428251,418651
Bad Bunny,TURiSTA,3674855,416634
Bad Bunny,BOKeTE,3601634,416278
Bad Bunny,Party,4970273,407863
Bad Bunny,PIToRRO DE COCO,3217901,400849
Bad Bunny,Safaera,4529592,395556
Bad Bunny,Después de la Playa,4541551,394319
Bad Bunny,LO QUE LE PASÓ A HAWAii,2899553,394188
Bad Bunny,LA NOCHE DE ANOCHE,3690085,386907
Bad Bunny,Tarot,5386996,379336
Bad Bunny,Si Veo a Tu Mamá,4362720,355410
Bad Bunny,Yo No Soy Celoso,3881014,354986
Bad Bunny,MIA,2267533,346339
Bad Bunny,La Santa,4765032,344725
Bad Bunny,MIA (feat. Drake),2700477,341420
Bad Bunny,El Apagón,3378850,341201
Bad Bunny,Vete,3792959,328590
Bad Bunny,Un Ratito,3643207,326801
Bad Bunny,Diles,2772216,311282
Bad Bunny,Un Coco,4015949,307447
Bad Bunny,La Corriente,3493227,299489
Bad Bunny,La Romana,2875647,282406
Bad Bunny,Enséñame a Bailar,3103237,281893
Bad Bunny,La Difícil,3046793,280213
Enrique Bunbury,Lady Blue,202215,33319
Enrique Bunbury,Infinito,125124,23519
Enrique Bunbury,El extranjero,91469,21486
Enrique Bunbury,Sácame De Aquí,95227,21080
Enrique Bunbury,Sí,116306,19635
Enrique Bunbury,El Jinete,80028,18930
Enrique Bunbury,El Rescate,99116,18049
Enrique Bunbury,De mayor,68922,16626
Enrique Bunbury,Que Tengas Suertecita,72870,16544
Enrique Bunbury,Los Restos Del Naufragio,62645,15404
Enrique Bunbury,El viento a favor,65842,14204
Enrique Bunbury,Frente a frente,112296,12357
Enrique Bunbury,Polen,27624,12083
Enrique Bunbury,Hay Muy Poca Gente,66534,10549
Enrique Bunbury,Porque Las Cosas Cambian,63780,10292
Enrique Bunbury,Una Canción Triste,48486,10164
Enrique Bunbury,Anidando Liendres,49681,10116
Enrique Bunbury,El Club De Los Imposibles,60629,10069
Enrique Bunbury,Alicia (Expulsada Al País De Las Maravillas),31963,9321
Enrique Bunbury,Contar contigo,44637,9119
Enrique Bunbury,Apuesta Por El Rocanrol,40820,8880
Enrique Bunbury,Si,37077,8623
Enrique Bunbury,Aunque no sea conmigo,64568,8446
Enrique Bunbury,Lo Que Queda Por Vivir,34667,8130
Enrique Bunbury,Enganchado a ti,34291,7991
Enrique Bunbury,Alicia,51110,7739
Enrique Bunbury,Doscientos Huesos Y Un Collar De Calaveras,44317,7715
Enrique Bunbury,La Señorita Hermafrodita,35675,7365
Enrique Bunbury,...Y Al Final,46769,7303
Enrique Bunbury,Irremediablemente Cotidiano,41454,7295
Enrique Bunbury,Que No Sepa Tu Mano Izquierda Lo Que Hace La Derecha,29413,7116
Enrique Bunbury,Confesión,24821,7054
Enrique Bunbury,Si No Fuera Por Ti,33634,7024
Enrique Bunbury,Sacame de aqui,22977,6943
Enrique Bunbury,Demasiado tarde,23464,6516
Enrique Bunbury,Puta desagradecida,26774,6233
Enrique Bunbury,San Cosme Y San Damián,30896,6186
Enrique Bunbury,Todos Lo Haremos Mejor En El Futuro,28516,6186
Enrique Bunbury,No Me Llames Cariño,23093,5757
Enrique Bunbury,Enganchado A Tí,29168,5637
Enrique Bunbury,Canto (El mismo dolor),36792,5578
Enrique Bunbury,Carmen Jones,21714,5524
Enrique Bunbury,Lejos de la tristeza,19739,5330
Enrique Bunbury,El Anzuelo,21441,5190
Enrique Bunbury,Voces De Tango,22695,5158
Enrique Bunbury,De Todo El Mundo,42098,5106
Enrique Bunbury,Salomé,27141,5062
Enrique Bunbury,Ciudad de bajas pasiones,24544,5011
Enrique Bunbury,Hermosos y malditos,24061,4941
Enrique Bunbury,Palo De Mayo,18756,4793
Marea,La luna me sabe a poco,263925,34186
Marea,Trasegando,176622,30626
Marea,Que se joda el viento,224319,25087
Marea,La Rueca,169076,24669
Marea,El perro verde,170280,23596
Marea,Marea,109947,23035
Marea,En tu agujero,150829,21672
Marea,No Quiero Ser Un Poeta,77109,21080
Marea,Lija Y Terciopelo,73441,19115
Marea,El hijo de la Inés,104190,16975
Marea,Despellejo,57640,16280
Marea,Los mismos clavos,113009,16037
Marea,A La Mierda Primavera,97743,15933
Marea,Como El Viento De Poniente,92298,15778
Marea,Duerme conmigo,98562,15114
Marea,Ciudad de los gitanos,80000,15023
Marea,Manuela Canta saetas,75628,13331
Marea,Corazón de mimbre,80965,13299
Marea,A caballo,75378,13154
Marea,Como Quiere Tu Abuelita,44128,12978
Marea,El rastro,75319,12685
Marea,Corazon de mimbre,88603,12501
Marea,Venas Con Humo Y Palabras,64078,11353
Marea,Como los trileros,76117,11342
Marea,Con la camisa rota,60544,11026
Marea,Alfileres,54927,10869
Marea,CORAZÓN DE MIMBRE,65335,10614
Marea,Pan Duro,52019,10568
Marea,Romance de Jose Etxailarena,58821,10076
Marea,Mierda y cuchara,72601,9941
Marea,Aceitunero,57349,9702
Marea,El trapecio,58116,9530
Marea,Barniz,54939,9354
Marea,Latido jondo,44164,9258
Marea,Dos alpargatas,42941,9139
Marea,Me Estoy Quedando Solo,41226,9072
Marea,Amor temporero,54638,8753
Marea,Al culo de una lombriz,35886,8228
Marea,Bienvenido al secadero,46135,8172
Marea,Mil quilates,59382,8098
Marea,Entre hormigones,58137,8077
Marea,Si viene la pestañi,19909,7759
Marea,Quejios,20111,7429
Marea,Incandescente,38255,7015
Marea,Me corten la lengua,45875,6971
Marea,Por cuatro perras,45512,6948
Marea,Romance de José Etxailarena,44817,6689
Marea,Ya Lo Dijo El Camaron,15616,6270
Marea,La hora de las moscas,37754,6044
Marea,Prima tristeza,31467,6018
Joaquín Sabina,Y nos dieron las diez,199898,45926
Joaquín Sabina,Contigo,207980,44141
Joaquín Sabina,19 dias y 500 noches,248331,41841
Joaquín Sabina,Y sin embargo,193599,29678
Joaquín Sabina,La del pirata cojo,109449,25551
Joaquín Sabina,Nos sobran los motivos,93550,24343
Joaquín Sabina,Por el bulevar de los sueños rotos,119656,23146
Joaquín Sabina,Peces de ciudad,100863,20567
Joaquín Sabina,Peor para el sol,87374,20491
Joaquín Sabina,Que se llama soledad,67141,19467
Joaquín Sabina,Medias negras,76482,18841
Joaquín Sabina,Conductores suicidas,64215,17360
Joaquín Sabina,Tan joven y tan viejo,67095,17247
Joaquín Sabina,A la orilla de la chimenea,78686,16504
Joaquín Sabina,Con la frente marchita,77798,16249
Joaquín Sabina,Pongamos Que Hablo De Madrid,70576,16194
Joaquín Sabina,Pacto entre caballeros,82750,15696
Joaquín Sabina,19 días y 500 noches,76595,15100
Joaquín Sabina,Calle Melancolía,58813,14614
Joaquín Sabina,Ruido,74957,14369
Joaquín Sabina,Calle Melancolia,60976,14234
Joaquín Sabina,Amor se llama el juego,62920,13813
Joaquín Sabina,Donde Habita el Olvido,72973,13802
Joaquín Sabina,Pastillas para no soñar,64121,13453
Joaquín Sabina,A Mis Cuarenta y Diez,46671,12966
Joaquín Sabina,Quién me ha robado el mes de abril,66181,12583
Joaquín Sabina,Yo me bajo en Atocha,44927,12418
Joaquín Sabina,"Para Aute: Pasaba por Aquí (feat. Abel Pintos, Carlos Rivera, Dani Martin, Estopa, Ismael Serrano, Jorge Drexler, Pedro Guerra, Silvio Rodríguez, Vanesa Martin & Xoel López)",37770,12384
Joaquín Sabina,El caso de la rubia platino,50234,12281
Joaquín Sabina,La canción más hermosa del mundo,67935,11801
Joaquín Sabina,Dieguitos y Mafaldas,59170,11687
Joaquín Sabina,Ahora que...,45468,11280
Joaquín Sabina,El rocanrol de los idiotas,51419,11136
Joaquín Sabina,Y si amanece por fin,52797,11038
Joaquín Sabina,Siete crisantemos,45751,10809
Joaquín Sabina,Noches de boda,37025,10457
Joaquín Sabina,Princesa,51804,10359
Joaquín Sabina,Resumiendo,37518,10026
Joaquín Sabina,Esta noche contigo,40230,9763
Joaquín Sabina,19 Dias y 500 Noches - En Directo,44253,9597
Joaquín Sabina,Una canción para la Magdalena,48282,9579
Joaquín Sabina,Postal de La Habana,25703,9481
Joaquín Sabina,La Cancion Mas Hermosa Del Mundo,36505,9285
Joaquín Sabina,Barbi Superestar,34194,9271
Joaquín Sabina,Cerrado Por Derribo,46919,9267
Joaquín Sabina,Eclipse de mar,37520,8998
Joaquín Sabina,Rosa de Lima,33233,8845
Joaquín Sabina,Lo Niego Todo,47169,8836
Joaquín Sabina,Arenas movedizas,29586,8687
Joaquín Sabina,Es mentira,29193,8680
Rosalía,DESPECHÁ,8845670,652582
Rosalía,SAOKO,11803731,608352
Rosalía,BIZCOCHITO,8260916,598532
Rosalía,LA FAMA,5100180,541419
Rosalía,Berghain,6439599,522143
Rosalía,Con Altura,5099619,455728
Rosalía,MALAMENTE - Cap.1: Augurio,5349965,445003
Rosalía,TKN (feat. Travis Scott),4108093,425565
Rosalía,CHICKEN TERIYAKI,5709187,421631
Rosalía,CANDY,6451565,418847
Rosalía,La Perla,4617530,415095
Rosalía,BESO,4214679,414918
Rosalía,MOTOMAMI,5549384,408543
Rosalía,"Sexo, Violencia y Llantas",3193868,385799
Rosalía,Reliquia,3896139,383620
Rosalía,"Yo x Ti, Tu x Mi",3081916,358866
Rosalía,HENTAI,4829126,345900
Rosalía,Divinize,3040274,341984
Rosalía,Porcelana,2749175,320775
Rosalía,DIABLO,4979407,320465
Rosalía,LA COMBI VERSACE,3914143,317850
Rosalía,BULERÍAS,2949714,304906
Rosalía,Dios Es Un Stalker,3245315,300967
Rosalía,PIENSO EN TU MIRÁ - Cap.3: Celos,3714803,300120
Rosalía,Mio Cristo Piange Diamanti,2449137,298946
Rosalía,CUUUUuuuuuute,3631614,291672
Rosalía,De Madrugá,2497123,291183
Rosalía,G3 N15,2748797,290805
Rosalía,DELIRIO DE GRANDEZA,3210642,288575
Rosalía,Mundo Nuevo,1964165,281758
Rosalía,La Yugular,2971063,278981
Rosalía,Sauvignon Blanc,2400802,273149
Rosalía,COMO UN G,3275277,271177
Rosalía,LA FAMA (with The Weeknd),2992592,258253
Rosalía,Abcdefg,1877247,253677
Rosalía,Magnolias,2159268,249319
Rosalía,LLYLM,2981414,245755
Rosalía,SAKURA,1972797,241599
Rosalía,La Rumba Del Perdón,1913570,236079
Rosalía,BAGDAD - Cap.7: Liturgia,2234792,232560
Rosalía,Memória,1578569,227748
Rosalía,DI MI NOMBRE - Cap.8: Éxtasis,2218080,227601
Rosalía,A Palé,2060154,207353
Rosalía,QUE NO SALGA LA LUNA - Cap.2: Boda,1506302,194745
Rosalía,Aute Cuture,2267310,180279
Rosalía,VAMPIROS,2260563,176271
Rosalía,DE AQUÍ NO SALES - Cap.4: Disputa,1380075,173038
Rosalía,Catalina,769122,162950
Rosalía,A NINGÚN HOMBRE - Cap.11: Poder,1114500,157124
Rosalía,TUYA,1369122,152823
Queen,Bohemian Rhapsody,16286216,2233151
Queen,Bohemian Rhapsody - Remastered 2011,13465727,1705099
Queen,Don't Stop Me Now - Remastered 2011,13753825,1639599
Queen,Another One Bites The Dust - Remastered 2011,11026800,1497559
Queen,Another One Bites the Dust,8712387,1397846
Queen,Under Pressure - Remastered 2011,11681502,1396004
Queen,Don't Stop Me Now,10010482,1336818
Queen,Killer Queen - Remastered 2011,10704806,1273373
Queen,We Will Rock You,7509286,1273086
Queen,Killer Queen,8458693,1253857
Queen,I Want to Break Free,7074336,1171619
Queen,We Are the Champions,6175464,1085892
Queen,Under Pressure,6987135,1077589
Queen,Somebody to Love,6561327,1044950
Queen,Crazy Little Thing Called Love,5627307,946040
Queen,Somebody To Love - Remastered 2011,6354095,941943
Queen,The Show Must Go On,5922004,875939
Queen,Crazy Little Thing Called Love - Remastered 2011,5492440,869260
Queen,We Will Rock You - Remastered 2011,4269445,842443
Queen,Good Old-Fashioned Lover Boy - Remastered 2011,8641291,820573
Queen,You're My Best Friend,4069634,770803
Queen,We Are The Champions - Remastered 2011,3998950,761234
Queen,Fat Bottomed Girls,4146500,736712
Queen,Radio Ga Ga,3941689,688136
Queen,Radio Ga Ga - Remastered 2011,3820211,653100
Queen,Bicycle Race,3375186,642721
Queen,Love Of My Life - Remastered 2011,4220167,623279
Queen,Who Wants to Live Forever,3260733,595273
Queen,You're My Best Friend - Remastered 2011,3085528,576941
Queen,I Want It All,3402606,572876
Queen,A Kind of Magic,3241529,565516
Queen,I Want To Break Free - Remastered 2011,2750627,521003
Queen,Seven Seas of Rhye,2614467,506806
Queen,Save Me,2431067,492424
Queen,I Want To Break Free - Single Remix,2583533,488566
Queen,Play the Game,2195884,470853
Queen,Cool Cat - Remastered 2011,3173855,466635
Queen,Now I'm Here,2109904,453377
Queen,One Vision,2203617,423753
Queen,Thank God It's Christmas,1368684,419111
Queen,Love of My Life,2470664,393568
Queen,Innuendo,2048851,383105
Queen,The Show Must Go On - Remastered 2011,2239252,380657
Queen,A Kind Of Magic - Remastered 2011,1873994,374011
Queen,Hammer to Fall,1932411,372667
Queen,Friends Will Be Friends,1899397,366989
Queen,Flash,1532871,362002
Queen,Good Old-Fashioned Lover Boy,1784550,328624
Queen,Headlong,1539476,324578
Queen,It's a Hard Life,1454390,310237
The Lumineers,Ho Hey,15409071,1649954
The Lumineers,Ophelia,12088461,1114140
The Lumineers,Stubborn Love,7065222,808719
The Lumineers,Flowers in Your Hair,5613902,737975
The Lumineers,Sleep on the Floor,5130051,530317
The Lumineers,Cleopatra,5373483,500625
The Lumineers,Slow It Down,2283392,391007
The Lumineers,Dead Sea,2245728,370792
The Lumineers,Submarines,1658516,308332
The Lumineers,Angela,2269720,292758
The Lumineers,Classy Girls,1503694,291711
The Lumineers,Charlie Boy,1465793,278514
The Lumineers,Big Parade,1551928,273206
The Lumineers,Flapper Girl,1242254,238155
The Lumineers,Morning Song,935527,206660
The Lumineers,Gloria,1393616,202623
The Lumineers,Gale Song,1435513,194771
The Lumineers,Where The Skies Are Blue,1128206,166341
The Lumineers,Salt and the Sea,986786,147218
The Lumineers,Long Way from Home,878061,142651
The Lumineers,Patience,900399,136653
The Lumineers,WHERE WE ARE,695040,127830
The Lumineers,My Eyes,810258,121147
The Lumineers,Nobody Knows,665280,117215
The Lumineers,Gun Song,736433,115601
The Lumineers,BRIGHTSIDE,751032,114073
The Lumineers,Donna,820324,109528
The Lumineers,Life in the City,758446,108632
The Lumineers,In the Light,633087,108089
The Lumineers,A.M. RADIO,740093,106595
The Lumineers,Same Old Song,510280,96389
The Lumineers,Walls,501695,91459
The Lumineers,Leader of the Landslide,665290,88178
The Lumineers,It Wasn't Easy to Be Happy for You,534578,87851
The Lumineers,Sick in the Head,439373,85804
The Lumineers,Scotland,455477,83066
The Lumineers,Asshole,323441,70260
The Lumineers,White Lie,405569,69989
The Lumineers,BIG SHOT,350357,65379
The Lumineers,You're All I Got,280855,64648
The Lumineers,This Must be the Place (Naïve Melody),215783,57475
The Lumineers,Elouise,237872,56156
The Lumineers,April,290461,54641
The Lumineers,Left for Denver,302140,54486
The Lumineers,Ain't Nobody's Problem,236426,53387
The Lumineers,Have You Ever Seen The Rain - Recorded at Electric Lady Studios NYC,214409,52757
The Lumineers,REPRISE,240548,49043
The Lumineers,just like heaven,210040,45436
The Lumineers,NEVER REALLY MINE,232982,43863
The Lumineers,My Cell,241926,43386
Foo Fighters,Everlong,46452636,3120584
Foo Fighters,The Pretender,22812775,2204074
Foo Fighters,My Hero,15170225,1817437
Foo Fighters,Best of You,14541215,1756896
Foo Fighters,Learn to Fly,13576260,1754190
Foo Fighters,All My Life,11266643,1476953
Foo Fighters,Monkey Wrench,9406502,1314287
Foo Fighters,Times Like These,8612311,1226875
Foo Fighters,Big Me,5260624,881883
Foo Fighters,Long Road to Ruin,5447181,792739
Foo Fighters,Walk,6426396,739926
Foo Fighters,Breakout,4447368,734506
Foo Fighters,Doll,3431515,706317
Foo Fighters,This Is a Call,3430992,661801
Foo Fighters,Let It Die,4262223,632266
Foo Fighters,Walking After You,3620460,626047
Foo Fighters,DOA,3607535,583746
Foo Fighters,Rope,4428565,571568
Foo Fighters,These Days,3792242,516730
Foo Fighters,"Hey, Johnny Park!",2884026,513815
Foo Fighters,I'll Stick Around,2819227,513740
Foo Fighters,Everlong - acoustic version,3206020,485301
Foo Fighters,No Way Back,2708399,473728
Foo Fighters,February Stars,2423484,473011
Foo Fighters,Stranger Things Have Happened,3050733,469513
Foo Fighters,Up in Arms,2199662,452812
Foo Fighters,Come Alive,2605386,449378
Foo Fighters,Wheels,3126429,443940
Foo Fighters,Bridge Burning,3251331,432278
Foo Fighters,My Poor Brain,1919217,430700
Foo Fighters,Wind Up,1991966,430338
Foo Fighters,Next Year,2238140,428404
Foo Fighters,See You,1901908,427074
Foo Fighters,Enough Space,1793434,420449
Foo Fighters,Low,2163081,416056
Foo Fighters,Stacked Actors,2315664,408697
Foo Fighters,Arlandria,3289457,403432
Foo Fighters,Generator,2350613,401278
Foo Fighters,Home,2012759,384485
Foo Fighters,Aurora,2133087,382258
Foo Fighters,Dear Rosemary,2802227,373891
Foo Fighters,Summer's End,1911523,368934
Foo Fighters,New Way Home,1566941,359179
Foo Fighters,Friend of a Friend,1747463,356536
Foo Fighters,In Your Honor,1792185,347404
Foo Fighters,Statues,1721415,344955
Foo Fighters,Another Round,1695032,341330
Foo Fighters,Razor,1700627,340797
Foo Fighters,Cold Day in the Sun,1855602,338536
Foo Fighters,White Limo,2347526,338386
Muse,Supermassive Black Hole,35844409,2926075
Muse,Starlight,22845656,2145020
Muse,Hysteria,24072907,2101579
Muse,Time Is Running Out,19348863,1867616
Muse,Uprising,18089435,1733140
Muse,Knights of Cydonia,15900679,1586555
Muse,Plug In Baby,14388489,1400391
Muse,Stockholm Syndrome,11097278,1206309
Muse,Feeling Good,9649891,1129451
Muse,Undisclosed Desires,12685400,1086788
Muse,Map of the Problematique,11081849,1044817
Muse,New Born,9499374,1016813
Muse,Sing for Absolution,7370400,977569
Muse,Bliss,8623259,932770
Muse,Apocalypse Please,6454188,875943
Muse,Madness,8699687,873969
Muse,Take a Bow,6806575,870411
Muse,Invincible,7120775,861380
Muse,Resistance,8619386,860479
Muse,Falling Away With You,5604460,795532
Muse,Assassin,6195320,785936
Muse,Sunburn,6468315,780782
Muse,Blackout,5423240,764263
Muse,Soldier's Poem,5168703,760862
Muse,Muscle Museum,6711353,754373
Muse,City of Delusion,5487243,749107
Muse,Endlessly,5424723,731523
Muse,Unintended,6360017,726866
Muse,Thoughts of a Dying Atheist,5482649,718278
Muse,Space Dementia,5431009,709487
Muse,Interlude,4858632,688346
Muse,Hoodoo,4439573,674497
Muse,Exo-Politics,5188081,672343
Muse,Citizen Erased,5588369,667475
Muse,The Small Print,4768698,644097
Muse,Micro Cuts,5009229,636862
Muse,Butterflies and Hurricanes,4716335,634987
Muse,Hyper Music,4592834,632188
Muse,Ruled by Secrecy,3793943,603995
Muse,Megalomania,3612994,557582
Muse,Unnatural Selection,4331711,554556
Muse,MK Ultra,4646621,552376
Muse,Psycho,4482411,543827
Muse,Screenager,3271225,539478
Muse,Showbiz,4171496,519640
Muse,Guiding Light,3639461,515234
Muse,Panic Station,4574085,510920
Muse,Butterflies & Hurricanes,3598852,496171
Muse,Supremacy,3854948,487307
Muse,Uno,3408967,475960
Metallica,Enter Sandman,18694118,1889246
Metallica,Nothing Else Matters,17077831,1706539
Metallica,Master of Puppets,16818986,1654145
Metallica,One,14071430,1400699
Metallica,The Unforgiven,10817864,1178626
Metallica,Sad but True,9033783,1035172
Metallica,Fuel,9073557,1024347
Metallica,Battery,7993577,917001
Metallica,Whiskey in the Jar,8013989,910614
Metallica,Wherever I May Roam,6544573,828437
Metallica,Fade to Black,7162485,741751
Metallica,For Whom the Bell Tolls,6699834,705997
Metallica,The Day That Never Comes,6480269,682397
Metallica,The Unforgiven II,5713785,666256
Metallica,Welcome Home (Sanitarium),5159631,633276
Metallica,The Memory Remains,4753963,617692
Metallica,The Thing That Should Not Be,4123934,613287
Metallica,Blackened,4973976,604852
Metallica,Of Wolf and Man,4077173,598414
Metallica,Until It Sleeps,4421862,562534
Metallica,Holier Than Thou,3306122,553002
Metallica,Turn the Page,4302663,535110
Metallica,Disposable Heroes,3485300,526422
Metallica,Don't Tread on Me,3091446,525728
Metallica,Through the Never,3049192,511377
Metallica,Harvester of Sorrow,3716176,511367
Metallica,All Nightmare Long,4368747,504508
Metallica,Enter Sandman - Remastered 2021,3498424,504236
Metallica,For Whom The Bell Tolls - Remastered,5552047,503628
Metallica,Creeping Death,4243306,500953
Metallica,The Unforgiven III,4186538,494389
Metallica,Leper Messiah,3081459,485394
Metallica,The God That Failed,2798362,478638
Metallica,Ride the Lightning,3646664,473868
Metallica,My Friend of Misery,2808859,470181
Metallica,Hero of the Day,3378704,455267
Metallica,...and Justice for All,3213773,444136
Metallica,St. Anger,3121698,440030
Metallica,Eye of the Beholder,2730931,434818
Metallica,The Shortest Straw,2632902,423229
Metallica,The Struggle Within,2230356,418078
Metallica,Enter Sandman (Remastered),4413953,416918
Metallica,Fight Fire With Fire,2876643,414983
Metallica,The Call of Ktulu,2865166,412516
Metallica,"Die, Die My Darling",3343605,408593
Metallica,Whiplash,2762432,405510
Metallica,That Was Just Your Life,2986745,404032
Metallica,The Four Horsemen,2787362,400569
Metallica,Hit the Lights,2597180,398001
Metallica,King Nothing,2844730,396382
Ginebras,La Típica Canción,90257,10880
Ginebras,Con Altura,75672,9167
Ginebras,Alex Turner,47951,5695
Ginebras,Paco y Carmela,44347,5285
Ginebras,Chico Pum,38335,4896
Ginebras,Desastre de persona,40126,4830
Ginebras,Ansiedad,40191,4602
Ginebras,Todas Mis Ex Tienen Novio,32120,4495
Ginebras,Cosas Moradas,23185,3330
Ginebras,Crystal Fighters,27152,3272
Ginebras,La Ciudad Huele a Sudor,20183,2801
Ginebras,Billie Max,18654,2608
Ginebras,Vintage,17172,2574
Ginebras,Lunes Negro,14936,2187
Ginebras,Fan Emergente,11710,2085
Ginebras,6 AM,13891,2048
Ginebras,Muchas gracias por venir,10895,1805
Ginebras,Filtro Valencia,11448,1770
Ginebras,Rapapá,12023,1669
Ginebras,En bolas,9817,1660
Ginebras,Metro de Madrid Informa,9235,1617
Ginebras,Mi diario,6436,1550
Ginebras,"Madrid, Madrid, Madrid",8348,1503
Ginebras,Omeprazol,7729,1370
Ginebras,Vueltas,4355,1231
Ginebras,Qué Gozadita,6366,1209
Ginebras,Campos de Fresas para Siempre,5825,1187
Ginebras,He Resucitado A Elvis,6420,1169
Ginebras,Mundo hostil,3887,1159
Ginebras,Con las chicas en Berlín,3556,1131
Ginebras,Filtro Valencia (Version 2021),2147,918
Ginebras,Gigantes,2351,903
Ginebras,Hoy puede ser un gran dia - Banda Sonora Original de la película Menudas Piezas,2996,824
Ginebras,La Típica Canción - Elyella Remix,3117,807
Ginebras,La Típica Canción,4155,804
Ginebras,Rechazada viva,1992,712
Ginebras,Come aquí,1530,573
Ginebras,Novio o novia,1609,556
Ginebras,Intervención,1517,540
Ginebras,Campos de Fresa para Siempre,1418,503
Ginebras,Cosas Moradas (Innmir Remix),1312,474
Ginebras,El bosque,1339,468
Ginebras,Cosas Moradas - Innmir Remix,1069,426
Ginebras,Una Voz - Original de Amatria,1395,417
Ginebras,La Típica Canción (Elyella Remix),1164,392
Ginebras,Una Voz (Original de Amatria),877,308
Ginebras,Filtro Valencia - Version,330,148
Ginebras,6AM,186,112
Ginebras,Con altura (versión de la ROSALÍA),205,70
Ginebras,Vanana Megamix,142,26
IZAL,Copacabana,257574,25838
IZAL,Qué Bien,173020,22161
IZAL,La Mujer De Verde,163266,19523
IZAL,Despedida,137162,19054
IZAL,Pausa,152539,17920
IZAL,El Baile,130846,14478
IZAL,Pequeña Gran Revolución,123163,14233
IZAL,Pánico práctico,85080,10864
IZAL,Asuntos delicados,74660,10421
IZAL,El Pozo,85974,10335
IZAL,Magia Y Efectos Especiales,73984,10168
IZAL,La Increíble Historia del Hombre Que Podía Volar Pero No Sabía Cómo,94696,9553
IZAL,Hambre,63768,9364
IZAL,Agujeros de gusano,63211,8996
IZAL,Arte Moderno,59111,7744
IZAL,"Sueños lentos, aviones veloces",40743,6936
IZAL,Eco,41627,6527
IZAL,Prueba Y Error,45234,6453
IZAL,Palos de ciego,40924,6393
IZAL,Tu Continente,44196,6376
IZAL,Los Seres Que Me Llenan,40630,6140
IZAL,Extraño Regalo,39342,5937
IZAL,Bill Murray,41937,5445
IZAL,Inercia,33297,5014
IZAL,A Nuestros Rincones,29987,4896
IZAL,A los que volveremos,28931,4725
IZAL,Tóxica,29472,4718
IZAL,Ruido Blanco,30487,4625
IZAL,Autoterapia,37175,4569
IZAL,En Aire y Hueso,31677,4538
IZAL,Conclusión En Do Para Ukelele,28672,4531
IZAL,Canción Para Nadie,32508,4333
IZAL,Jenna Fischer,25799,4309
IZAL,Ockham,25440,4258
IZAL,Oro y Humo,29033,4195
IZAL,28 horas,26287,4175
IZAL,El Hombre del Futuro,22093,4165
IZAL,Tambores de Guerra,25344,4004
IZAL,Historias de Vida y Placer,25865,3975
IZAL,La Piedra Invisible,26079,3936
IZAL,Hacia el Norte,25482,3844
IZAL,La Buena Sombra,16991,3516
IZAL,Meiuqèr,20375,3421
IZAL,Ajam,19341,3366
IZAL,Epílogo I: La Duda Razonable,19492,3356
IZAL,Epílogo III: Resurrección Y Venganza,18089,3181
IZAL,Epílogo II: La Caída Del Imperio,17070,3150
IZAL,Teletransporte,13103,3000
IZAL,Hogar,15397,2988
IZAL,Temas Amables,18941,2882
Kaiser Chiefs,Ruby,10211126,1364893
Kaiser Chiefs,I Predict a Riot,6366057,1015417
Kaiser Chiefs,Everyday I Love You Less and Less,4596274,781927
Kaiser Chiefs,Modern Way,2853329,598501
Kaiser Chiefs,Oh My God,3106505,581576
Kaiser Chiefs,Never Miss a Beat,3091826,528498
Kaiser Chiefs,Na Na Na Na Naa,2101377,494627
Kaiser Chiefs,The Angry Mob,2299432,450816
Kaiser Chiefs,Everything Is Average Nowadays,1722215,392561
Kaiser Chiefs,Heat Dies Down,1609433,344961
Kaiser Chiefs,You Can Have It All,1268400,321903
Kaiser Chiefs,Born to Be a Dancer,1286442,317778
Kaiser Chiefs,Saturday Night,1181752,304121
Kaiser Chiefs,Thank You Very Much,1201988,265357
Kaiser Chiefs,Time Honoured Tradition,986795,263723
Kaiser Chiefs,"Caroline, Yes",849601,233644
Kaiser Chiefs,Good Days Bad Days,965453,231546
Kaiser Chiefs,My Kind of Guy,941524,231537
Kaiser Chiefs,Team Mate,753163,227685
Kaiser Chiefs,Learnt My Lesson Well,892580,222976
Kaiser Chiefs,Retirement,870164,214571
Kaiser Chiefs,Boxing Champ,875310,214322
Kaiser Chiefs,Try Your Best,772898,204360
Kaiser Chiefs,Love's Not a Competition (But I'm Winning),881369,186805
Kaiser Chiefs,Highroyds,672305,167143
Kaiser Chiefs,What Did I Ever Give You?,519463,150297
Kaiser Chiefs,Spanish Metal,534900,137645
Kaiser Chiefs,Like It Too Much,587051,135112
Kaiser Chiefs,You Want History,598560,131356
Kaiser Chiefs,Can't Say What I Mean,515149,130327
Kaiser Chiefs,I Can Do It Without You,500564,128237
Kaiser Chiefs,What Did I Ever Give You,481665,128042
Kaiser Chiefs,Addicted to Drugs,509806,117508
Kaiser Chiefs,Tomato in the Rain,484182,117417
Kaiser Chiefs,Half the Truth,485384,115820
Kaiser Chiefs,Always Happens Like That,452871,108828
Kaiser Chiefs,Remember You're a Girl,379122,101700
Kaiser Chiefs,I Can Do Without You,489193,99529
Kaiser Chiefs,Coming Home,409401,79127
Kaiser Chiefs,Love Is Not A Competition (But I'm Winning),442329,71450
Kaiser Chiefs,Little Shocks,309178,64664
Kaiser Chiefs,High Royds,310979,64496
Kaiser Chiefs,The Factory Gates,316212,60535
Kaiser Chiefs,Na Na Na Na Naah,113337,57448
Kaiser Chiefs,Kinda Girl You Are,217446,46674
Kaiser Chiefs,Love's Not A Competition [But I'm Winning],272670,46265
Kaiser Chiefs,Record Collection,244504,43646
Kaiser Chiefs,Man on Mars,188038,42955
Kaiser Chiefs,Another Number,71348,39086
Kaiser Chiefs,Misery Company,180925,38092
Residente,Bellacoso,429331,66499
Residente,René,415490,55338
Residente,This is Not America (feat. Ibeyi),264389,31999
Residente,Desencuentro (feat. Soko),140683,20889
Residente,Rap Bruto,112603,16499
Residente,Guerra,67720,13519
Residente,Sexo (feat. iLe),65190,13312
Residente,La Cátedra,71764,13082
Residente,Antes Que el Mundo Se Acabe,60545,12282
Residente,Pecador,74109,11955
Residente,Dagombas en Tamale,48080,11848
Residente,Somos Anormales,45427,11448
Residente,Problema Cabrón,63158,11237
Residente,Mis Disculpas,51976,10203
Residente,Milo,47237,10059
Residente,Desencuentro,53239,9243
Residente,Que Fluya,46650,9052
Residente,Apocalíptico,41599,8513
Residente,313,34684,8416
Residente,Hijos del Cañaveral,35788,7796
Residente,Intro ADN / DNA,21789,7279
Residente,Una Leyenda China,26495,7242
Residente,Hoy,26030,6951
Residente,Sexo,27970,6853
Residente,Sin Lú,34256,6810
Residente,Interludio Haruna Fati,17301,5857
Residente,Interludio Entre Montañas Siberianas,13925,5668
Residente,Ron En El Piso,31286,5551
Residente,Quiero Ser Baladista,18869,4745
Residente,Yo No Sé Pero Sé,18857,4627
Residente,Pólvora de Ayer,25605,4506
Residente,El Malestar En La Cultura,14336,4466
Residente,Valentina,8020,4359
Residente,Yo Te Quiero a Ti,17873,4330
Residente,El Encuentro,17537,3981
Residente,Estilo Libre,17708,3921
Residente,Cerebro,12342,3893
Residente,Bajo y Batería,14928,3531
Residente,La Sombra (feat. Bombino),10352,3375
Residente,Bajo los Escombros,10710,3263
Residente,El Futuro Es Nuestro,10334,3140
Residente,Querido Louis (feat. Trooko),12992,3132
Residente,Jerga Platanera,8405,3087
Residente,El Futuro Es Nuestro (feat. Goran Bregovic),9538,3037
Residente,En Talla,9111,2668
Residente,La Sombra,7771,2649
Residente,Cosquillita,7573,2038
Residente,Artificial Inteligente,5092,2009
Residente,Leoni,6160,1940
Residente,Latinoamérica - Edición Cuarentena,5755,1929
